{"train_loss": [0.7335348166525364, 0.5307978741558534, 0.47712681881551233, 0.4539117995383484, 0.4358303834285055], "train_dice": [0.7649197596724012, 0.8375643092606749, 0.8531516464780354, 0.859481326376616, 0.8740930535963604], "val_loss": [0.7097961244483789, 0.6616835923244556, 0.6365296530226866, 0.5975151546299458, 0.5636870513359705], "val_dice": [0.7217152587448558, 0.7440745471976697, 0.7949637422959009, 0.7923299328734478, 0.7902895885830125]}