{"train_loss": [0.6268846601580774, 0.495244397089801, 0.45076526368463504, 0.4358997787010736, 0.4236984401316949], "train_dice": [0.7779989047798682, 0.8275140039856915, 0.8526555773151818, 0.8576453355050218, 0.8730602481279583], "val_loss": [0.5514763044683557, 0.5083254438481832, 0.49345401841166775, 0.47287849640767826, 0.44078122932267816], "val_dice": [0.8050522072926948, 0.7996201501473, 0.8248988419379059, 0.8361285053389637, 0.8592452650007448]}