{"train_loss": [1.0218658273418744, 0.8345767706632614, 0.7367596477270126, 0.6557071929176649, 0.610884557167689], "train_dice": [0.5053016969357031, 0.6182562023379887, 0.6828756432474469, 0.6931460687214894, 0.7030811998398955], "val_loss": [0.9605796659986178, 0.8990765437483788, 0.8298213109374046, 0.8808570404847463, 0.8031472116708755], "val_dice": [0.5666512919541447, 0.5678435519959825, 0.5764840909382656, 0.522532193910744, 0.5795762682302362]}