{"train_loss": [0.7369754498026201, 0.5374502513025489, 0.47704986815473865, 0.45236156787723303, 0.43326360133609604], "train_dice": [0.7599469308874437, 0.8322252748267991, 0.8534265789611156, 0.8518953297093503, 0.8758677414485386], "val_loss": [0.7155743489662806, 0.6596250794827938, 0.6272359893967708, 0.5926380924259623, 0.622376628840963], "val_dice": [0.7086325959923366, 0.7496854173950851, 0.7942955767114958, 0.79073506873101, 0.7494792154369255]}