{"dice_coef": [0.4885022044181824, 0.5706251859664917, 0.5917829871177673, 0.5690704584121704, 0.6272982954978943], "loss": [1.182705044746399, 0.9939801096916199, 0.9101624488830566, 0.900891900062561, 0.8133228421211243], "val_dice_coef": [0.10597303509712219, 0.10764207690954208, 0.12206938862800598, 0.3438049554824829, 0.1778598129749298], "val_loss": [12.89178466796875, 5.289434432983398, 2.768202066421509, 1.291534185409546, 1.461441993713379], "learning_rate": [0.0010000000474974513, 0.0010000000474974513, 0.0010000000474974513, 0.0010000000474974513, 0.0010000000474974513]}