{"dice_coef": [0.7190547585487366, 0.7794467210769653, 0.8027210831642151, 0.8246351480484009, 0.8516272902488708, 0.8591886758804321, 0.8589397668838501, 0.8720179796218872], "loss": [0.925009548664093, 0.6028451323509216, 0.5343060493469238, 0.4987761974334717, 0.4604940116405487, 0.4432307779788971, 0.4413027763366699, 0.41692280769348145], "val_dice_coef": [0.6588733792304993, 0.7904462218284607, 0.7309824824333191, 0.7503330707550049, 0.811234712600708, 0.8093152046203613, 0.7796390056610107, 0.7875258922576904], "val_loss": [1.0332647562026978, 0.5795819759368896, 0.6419204473495483, 0.6234964728355408, 0.5097517967224121, 0.5523273944854736, 0.5582530498504639, 0.5772878527641296], "learning_rate": [0.0010000000474974513, 0.0010000000474974513, 0.0010000000474974513, 0.0010000000474974513, 0.0005000000237487257, 0.0005000000237487257, 0.0005000000237487257, 0.0002500000118743628]}