{"dice_coef": [0.7246237993240356, 0.7728128433227539, 0.7657667398452759, 0.7807728052139282, 0.8207022547721863], "loss": [0.8867577314376831, 0.6855766177177429, 0.6174551844596863, 0.5637258887290955, 0.5186436772346497], "val_dice_coef": [0.3723684549331665, 0.46893739700317383, 0.6998571753501892, 0.7037361264228821, 0.7465701699256897], "val_loss": [2.1873397827148438, 2.0273678302764893, 0.6470949649810791, 0.7027726173400879, 0.6347690224647522], "learning_rate": [0.0010000000474974513, 0.0010000000474974513, 0.0010000000474974513, 0.0010000000474974513, 0.0010000000474974513]}